{
	"credit": "Made with Blockbench",
	"textures": {
		"0": "item/executor_grip",
		"1": "item/executor_braid",
		"particle": "item/executor_grip"
	},
	"elements": [
		{
			"name": "executor_grip_0",
			"from": [4, 3.5, 7.6],
			"to": [4.5, 5, 8.4],
			"faces": {
				"north": {"uv": [4.5, 11, 4, 12.5], "texture": "#0"},
				"east": {"uv": [4.25, 11, 4.5, 12.5], "texture": "#0"},
				"south": {"uv": [4, 11, 4.5, 12.5], "texture": "#0"},
				"west": {"uv": [4, 11, 4.25, 12.5], "texture": "#0"},
				"up": {"uv": [4, 11, 4.5, 11.25], "texture": "#0"},
				"down": {"uv": [4, 12.25, 4.5, 12.5], "texture": "#0"}
			}
		},
		{
			"name": "executor_grip_1",
			"from": [4.5, 4, 7.6],
			"to": [4.75, 4.75, 8.4],
			"faces": {
				"north": {"uv": [4.75, 11.25, 4.5, 12], "texture": "#0"},
				"east": {"uv": [4.5, 11.25, 4.75, 12], "texture": "#0"},
				"south": {"uv": [4.5, 11.25, 4.75, 12], "texture": "#0"},
				"west": {"uv": [4.5, 11.25, 4.75, 12], "texture": "#0"},
				"up": {"uv": [4.5, 11.25, 4.75, 11.5], "texture": "#0"},
				"down": {"uv": [4.5, 11.75, 4.75, 12], "texture": "#0"}
			}
		},
		{
			"name": "executor_grip_2",
			"from": [3.5, 3, 7.6],
			"to": [4, 4.5, 8.4],
			"faces": {
				"north": {"uv": [4, 11.5, 3.5, 13], "texture": "#0"},
				"east": {"uv": [3.75, 11.5, 4, 13], "texture": "#0"},
				"south": {"uv": [3.5, 11.5, 4, 13], "texture": "#0"},
				"west": {"uv": [3.5, 11.5, 3.75, 13], "texture": "#0"},
				"up": {"uv": [3.5, 11.5, 4, 11.75], "texture": "#0"},
				"down": {"uv": [3.5, 12.75, 4, 13], "texture": "#0"}
			}
		},
		{
			"name": "executor_grip_3",
			"from": [4.75, 4, 7.6],
			"to": [5, 4.5, 8.4],
			"faces": {
				"north": {"uv": [5, 11.5, 4.75, 12], "texture": "#0"},
				"east": {"uv": [4.75, 11.5, 5, 12], "texture": "#0"},
				"south": {"uv": [4.75, 11.5, 5, 12], "texture": "#0"},
				"west": {"uv": [4.75, 11.5, 5, 12], "texture": "#0"},
				"up": {"uv": [4.75, 11.5, 5, 11.75], "texture": "#0"},
				"down": {"uv": [4.75, 11.75, 5, 12], "texture": "#0"}
			}
		},
		{
			"name": "executor_grip_4",
			"from": [3, 2.5, 7.6],
			"to": [3.5, 4, 8.4],
			"faces": {
				"north": {"uv": [3.5, 12, 3, 13.5], "texture": "#0"},
				"east": {"uv": [3.25, 12, 3.5, 13.5], "texture": "#0"},
				"south": {"uv": [3, 12, 3.5, 13.5], "texture": "#0"},
				"west": {"uv": [3, 12, 3.25, 13.5], "texture": "#0"},
				"up": {"uv": [3, 12, 3.5, 12.25], "texture": "#0"},
				"down": {"uv": [3, 13.25, 3.5, 13.5], "texture": "#0"}
			}
		},
		{
			"name": "executor_grip_5",
			"from": [2.5, 2, 7.6],
			"to": [3, 3.5, 8.4],
			"faces": {
				"north": {"uv": [3, 12.5, 2.5, 14], "texture": "#0"},
				"east": {"uv": [2.75, 12.5, 3, 14], "texture": "#0"},
				"south": {"uv": [2.5, 12.5, 3, 14], "texture": "#0"},
				"west": {"uv": [2.5, 12.5, 2.75, 14], "texture": "#0"},
				"up": {"uv": [2.5, 12.5, 3, 12.75], "texture": "#0"},
				"down": {"uv": [2.5, 13.75, 3, 14], "texture": "#0"}
			}
		},
		{
			"name": "executor_grip_6",
			"from": [2, 1.5, 7.6],
			"to": [2.5, 3, 8.4],
			"faces": {
				"north": {"uv": [2.5, 13, 2, 14.5], "texture": "#0"},
				"east": {"uv": [2.25, 13, 2.5, 14.5], "texture": "#0"},
				"south": {"uv": [2, 13, 2.5, 14.5], "texture": "#0"},
				"west": {"uv": [2, 13, 2.25, 14.5], "texture": "#0"},
				"up": {"uv": [2, 13, 2.5, 13.25], "texture": "#0"},
				"down": {"uv": [2, 14.25, 2.5, 14.5], "texture": "#0"}
			}
		},
		{
			"name": "executor_grip_7",
			"from": [1.5, 1, 7.6],
			"to": [2, 2.5, 8.4],
			"faces": {
				"north": {"uv": [2, 13.5, 1.5, 15], "texture": "#0"},
				"east": {"uv": [1.75, 13.5, 2, 15], "texture": "#0"},
				"south": {"uv": [1.5, 13.5, 2, 15], "texture": "#0"},
				"west": {"uv": [1.5, 13.5, 1.75, 15], "texture": "#0"},
				"up": {"uv": [1.5, 13.5, 2, 13.75], "texture": "#0"},
				"down": {"uv": [1.5, 14.75, 2, 15], "texture": "#0"}
			}
		},
		{
			"name": "executor_grip_8",
			"from": [1, 0.5, 7.6],
			"to": [1.5, 2, 8.4],
			"faces": {
				"north": {"uv": [1.5, 14, 1, 15.5], "texture": "#0"},
				"east": {"uv": [1.25, 14, 1.5, 15.5], "texture": "#0"},
				"south": {"uv": [1, 14, 1.5, 15.5], "texture": "#0"},
				"west": {"uv": [1, 14, 1.25, 15.5], "texture": "#0"},
				"up": {"uv": [1, 14, 1.5, 14.25], "texture": "#0"},
				"down": {"uv": [1, 15.25, 1.5, 15.5], "texture": "#0"}
			}
		},
		{
			"name": "executor_grip_9",
			"from": [0.5, 0, 7.6],
			"to": [1, 1.5, 8.4],
			"faces": {
				"north": {"uv": [1, 14.5, 0.5, 16], "texture": "#0"},
				"east": {"uv": [0.75, 14.5, 1, 16], "texture": "#0"},
				"south": {"uv": [0.5, 14.5, 1, 16], "texture": "#0"},
				"west": {"uv": [0.5, 14.5, 0.75, 16], "texture": "#0"},
				"up": {"uv": [0.5, 14.5, 1, 14.75], "texture": "#0"},
				"down": {"uv": [0.5, 15.75, 1, 16], "texture": "#0"}
			}
		},
		{
			"name": "executor_grip_10",
			"from": [0, 0, 7.6],
			"to": [0.5, 1, 8.4],
			"faces": {
				"north": {"uv": [0.5, 15, 0, 16], "texture": "#0"},
				"east": {"uv": [0.25, 15, 0.5, 16], "texture": "#0"},
				"south": {"uv": [0, 15, 0.5, 16], "texture": "#0"},
				"west": {"uv": [0, 15, 0.25, 16], "texture": "#0"},
				"up": {"uv": [0, 15, 0.5, 15.25], "texture": "#0"},
				"down": {"uv": [0, 15.75, 0.5, 16], "texture": "#0"}
			}
		},
		{
			"name": "executor_braid_0",
			"from": [15.25, 15.25, 7.8],
			"to": [16, 16, 8.2],
			"faces": {
				"north": {"uv": [16, 0, 15.25, 0.75], "texture": "#1"},
				"east": {"uv": [15.75, 0, 16, 0.75], "texture": "#1"},
				"south": {"uv": [15.25, 0, 16, 0.75], "texture": "#1"},
				"west": {"uv": [15.25, 0, 15.5, 0.75], "texture": "#1"},
				"up": {"uv": [15.25, 0, 16, 0.25], "texture": "#1"},
				"down": {"uv": [15.25, 0.5, 16, 0.75], "texture": "#1"}
			}
		},
		{
			"name": "executor_braid_1",
			"from": [14.75, 14, 7.8],
			"to": [15.25, 15.75, 8.2],
			"faces": {
				"north": {"uv": [15.25, 0.25, 14.75, 2], "texture": "#1"},
				"east": {"uv": [15, 0.25, 15.25, 2], "texture": "#1"},
				"south": {"uv": [14.75, 0.25, 15.25, 2], "texture": "#1"},
				"west": {"uv": [14.75, 0.25, 15, 2], "texture": "#1"},
				"up": {"uv": [14.75, 0.25, 15.25, 0.5], "texture": "#1"},
				"down": {"uv": [14.75, 1.75, 15.25, 2], "texture": "#1"}
			}
		},
		{
			"name": "executor_braid_2",
			"from": [14.25, 13.5, 7.8],
			"to": [14.75, 15.5, 8.2],
			"faces": {
				"north": {"uv": [14.75, 0.5, 14.25, 2.5], "texture": "#1"},
				"east": {"uv": [14.5, 0.5, 14.75, 2.5], "texture": "#1"},
				"south": {"uv": [14.25, 0.5, 14.75, 2.5], "texture": "#1"},
				"west": {"uv": [14.25, 0.5, 14.5, 2.5], "texture": "#1"},
				"up": {"uv": [14.25, 0.5, 14.75, 0.75], "texture": "#1"},
				"down": {"uv": [14.25, 2.25, 14.75, 2.5], "texture": "#1"}
			}
		},
		{
			"name": "executor_braid_3",
			"from": [14, 13, 7.8],
			"to": [14.25, 15.25, 8.2],
			"faces": {
				"north": {"uv": [14.25, 0.75, 14, 3], "texture": "#1"},
				"east": {"uv": [14, 0.75, 14.25, 3], "texture": "#1"},
				"south": {"uv": [14, 0.75, 14.25, 3], "texture": "#1"},
				"west": {"uv": [14, 0.75, 14.25, 3], "texture": "#1"},
				"up": {"uv": [14, 0.75, 14.25, 1], "texture": "#1"},
				"down": {"uv": [14, 2.75, 14.25, 3], "texture": "#1"}
			}
		},
		{
			"name": "executor_braid_4",
			"from": [15.25, 14.75, 7.8],
			"to": [15.75, 15.25, 8.2],
			"faces": {
				"north": {"uv": [15.75, 0.75, 15.25, 1.25], "texture": "#1"},
				"east": {"uv": [15.5, 0.75, 15.75, 1.25], "texture": "#1"},
				"south": {"uv": [15.25, 0.75, 15.75, 1.25], "texture": "#1"},
				"west": {"uv": [15.25, 0.75, 15.5, 1.25], "texture": "#1"},
				"up": {"uv": [15.25, 0.75, 15.75, 1], "texture": "#1"},
				"down": {"uv": [15.25, 1, 15.75, 1.25], "texture": "#1"}
			}
		},
		{
			"name": "executor_braid_5",
			"from": [13.75, 12.75, 7.8],
			"to": [14, 15, 8.2],
			"faces": {
				"north": {"uv": [14, 1, 13.75, 3.25], "texture": "#1"},
				"east": {"uv": [13.75, 1, 14, 3.25], "texture": "#1"},
				"south": {"uv": [13.75, 1, 14, 3.25], "texture": "#1"},
				"west": {"uv": [13.75, 1, 14, 3.25], "texture": "#1"},
				"up": {"uv": [13.75, 1, 14, 1.25], "texture": "#1"},
				"down": {"uv": [13.75, 3, 14, 3.25], "texture": "#1"}
			}
		},
		{
			"name": "executor_braid_6",
			"from": [13.5, 12.5, 7.8],
			"to": [13.75, 14.75, 8.2],
			"faces": {
				"north": {"uv": [13.75, 1.25, 13.5, 3.5], "texture": "#1"},
				"east": {"uv": [13.5, 1.25, 13.75, 3.5], "texture": "#1"},
				"south": {"uv": [13.5, 1.25, 13.75, 3.5], "texture": "#1"},
				"west": {"uv": [13.5, 1.25, 13.75, 3.5], "texture": "#1"},
				"up": {"uv": [13.5, 1.25, 13.75, 1.5], "texture": "#1"},
				"down": {"uv": [13.5, 3.25, 13.75, 3.5], "texture": "#1"}
			}
		},
		{
			"name": "executor_braid_7",
			"from": [15.25, 14.25, 7.8],
			"to": [15.5, 14.75, 8.2],
			"faces": {
				"north": {"uv": [15.5, 1.25, 15.25, 1.75], "texture": "#1"},
				"east": {"uv": [15.25, 1.25, 15.5, 1.75], "texture": "#1"},
				"south": {"uv": [15.25, 1.25, 15.5, 1.75], "texture": "#1"},
				"west": {"uv": [15.25, 1.25, 15.5, 1.75], "texture": "#1"},
				"up": {"uv": [15.25, 1.25, 15.5, 1.5], "texture": "#1"},
				"down": {"uv": [15.25, 1.5, 15.5, 1.75], "texture": "#1"}
			}
		},
		{
			"name": "executor_braid_8",
			"from": [13.25, 12.25, 7.8],
			"to": [13.5, 14.5, 8.2],
			"faces": {
				"north": {"uv": [13.5, 1.5, 13.25, 3.75], "texture": "#1"},
				"east": {"uv": [13.25, 1.5, 13.5, 3.75], "texture": "#1"},
				"south": {"uv": [13.25, 1.5, 13.5, 3.75], "texture": "#1"},
				"west": {"uv": [13.25, 1.5, 13.5, 3.75], "texture": "#1"},
				"up": {"uv": [13.25, 1.5, 13.5, 1.75], "texture": "#1"},
				"down": {"uv": [13.25, 3.5, 13.5, 3.75], "texture": "#1"}
			}
		},
		{
			"name": "executor_braid_9",
			"from": [13, 12, 7.8],
			"to": [13.25, 14.25, 8.2],
			"faces": {
				"north": {"uv": [13.25, 1.75, 13, 4], "texture": "#1"},
				"east": {"uv": [13, 1.75, 13.25, 4], "texture": "#1"},
				"south": {"uv": [13, 1.75, 13.25, 4], "texture": "#1"},
				"west": {"uv": [13, 1.75, 13.25, 4], "texture": "#1"},
				"up": {"uv": [13, 1.75, 13.25, 2], "texture": "#1"},
				"down": {"uv": [13, 3.75, 13.25, 4], "texture": "#1"}
			}
		},
		{
			"name": "executor_braid_10",
			"from": [12.75, 11.75, 7.8],
			"to": [13, 14, 8.2],
			"faces": {
				"north": {"uv": [13, 2, 12.75, 4.25], "texture": "#1"},
				"east": {"uv": [12.75, 2, 13, 4.25], "texture": "#1"},
				"south": {"uv": [12.75, 2, 13, 4.25], "texture": "#1"},
				"west": {"uv": [12.75, 2, 13, 4.25], "texture": "#1"},
				"up": {"uv": [12.75, 2, 13, 2.25], "texture": "#1"},
				"down": {"uv": [12.75, 4, 13, 4.25], "texture": "#1"}
			}
		},
		{
			"name": "executor_braid_11",
			"from": [14.75, 13.75, 7.8],
			"to": [15, 14, 8.2],
			"faces": {
				"north": {"uv": [15, 2, 14.75, 2.25], "texture": "#1"},
				"east": {"uv": [14.75, 2, 15, 2.25], "texture": "#1"},
				"south": {"uv": [14.75, 2, 15, 2.25], "texture": "#1"},
				"west": {"uv": [14.75, 2, 15, 2.25], "texture": "#1"},
				"up": {"uv": [14.75, 2, 15, 2.25], "texture": "#1"},
				"down": {"uv": [14.75, 2, 15, 2.25], "texture": "#1"}
			}
		},
		{
			"name": "executor_braid_12",
			"from": [12.5, 11.5, 7.8],
			"to": [12.75, 13.75, 8.2],
			"faces": {
				"north": {"uv": [12.75, 2.25, 12.5, 4.5], "texture": "#1"},
				"east": {"uv": [12.5, 2.25, 12.75, 4.5], "texture": "#1"},
				"south": {"uv": [12.5, 2.25, 12.75, 4.5], "texture": "#1"},
				"west": {"uv": [12.5, 2.25, 12.75, 4.5], "texture": "#1"},
				"up": {"uv": [12.5, 2.25, 12.75, 2.5], "texture": "#1"},
				"down": {"uv": [12.5, 4.25, 12.75, 4.5], "texture": "#1"}
			}
		},
		{
			"name": "executor_braid_13",
			"from": [12.25, 11.25, 7.8],
			"to": [12.5, 13.5, 8.2],
			"faces": {
				"north": {"uv": [12.5, 2.5, 12.25, 4.75], "texture": "#1"},
				"east": {"uv": [12.25, 2.5, 12.5, 4.75], "texture": "#1"},
				"south": {"uv": [12.25, 2.5, 12.5, 4.75], "texture": "#1"},
				"west": {"uv": [12.25, 2.5, 12.5, 4.75], "texture": "#1"},
				"up": {"uv": [12.25, 2.5, 12.5, 2.75], "texture": "#1"},
				"down": {"uv": [12.25, 4.5, 12.5, 4.75], "texture": "#1"}
			}
		},
		{
			"name": "executor_braid_14",
			"from": [14.25, 13.25, 7.8],
			"to": [14.5, 13.5, 8.2],
			"faces": {
				"north": {"uv": [14.5, 2.5, 14.25, 2.75], "texture": "#1"},
				"east": {"uv": [14.25, 2.5, 14.5, 2.75], "texture": "#1"},
				"south": {"uv": [14.25, 2.5, 14.5, 2.75], "texture": "#1"},
				"west": {"uv": [14.25, 2.5, 14.5, 2.75], "texture": "#1"},
				"up": {"uv": [14.25, 2.5, 14.5, 2.75], "texture": "#1"},
				"down": {"uv": [14.25, 2.5, 14.5, 2.75], "texture": "#1"}
			}
		},
		{
			"name": "executor_braid_15",
			"from": [12, 11, 7.8],
			"to": [12.25, 13.25, 8.2],
			"faces": {
				"north": {"uv": [12.25, 2.75, 12, 5], "texture": "#1"},
				"east": {"uv": [12, 2.75, 12.25, 5], "texture": "#1"},
				"south": {"uv": [12, 2.75, 12.25, 5], "texture": "#1"},
				"west": {"uv": [12, 2.75, 12.25, 5], "texture": "#1"},
				"up": {"uv": [12, 2.75, 12.25, 3], "texture": "#1"},
				"down": {"uv": [12, 4.75, 12.25, 5], "texture": "#1"}
			}
		},
		{
			"name": "executor_braid_16",
			"from": [11.75, 10.75, 7.8],
			"to": [12, 13, 8.2],
			"faces": {
				"north": {"uv": [12, 3, 11.75, 5.25], "texture": "#1"},
				"east": {"uv": [11.75, 3, 12, 5.25], "texture": "#1"},
				"south": {"uv": [11.75, 3, 12, 5.25], "texture": "#1"},
				"west": {"uv": [11.75, 3, 12, 5.25], "texture": "#1"},
				"up": {"uv": [11.75, 3, 12, 3.25], "texture": "#1"},
				"down": {"uv": [11.75, 5, 12, 5.25], "texture": "#1"}
			}
		},
		{
			"name": "executor_braid_17",
			"from": [11.5, 10.5, 7.8],
			"to": [11.75, 12.75, 8.2],
			"faces": {
				"north": {"uv": [11.75, 3.25, 11.5, 5.5], "texture": "#1"},
				"east": {"uv": [11.5, 3.25, 11.75, 5.5], "texture": "#1"},
				"south": {"uv": [11.5, 3.25, 11.75, 5.5], "texture": "#1"},
				"west": {"uv": [11.5, 3.25, 11.75, 5.5], "texture": "#1"},
				"up": {"uv": [11.5, 3.25, 11.75, 3.5], "texture": "#1"},
				"down": {"uv": [11.5, 5.25, 11.75, 5.5], "texture": "#1"}
			}
		},
		{
			"name": "executor_braid_18",
			"from": [11.25, 10.25, 7.8],
			"to": [11.5, 12.5, 8.2],
			"faces": {
				"north": {"uv": [11.5, 3.5, 11.25, 5.75], "texture": "#1"},
				"east": {"uv": [11.25, 3.5, 11.5, 5.75], "texture": "#1"},
				"south": {"uv": [11.25, 3.5, 11.5, 5.75], "texture": "#1"},
				"west": {"uv": [11.25, 3.5, 11.5, 5.75], "texture": "#1"},
				"up": {"uv": [11.25, 3.5, 11.5, 3.75], "texture": "#1"},
				"down": {"uv": [11.25, 5.5, 11.5, 5.75], "texture": "#1"}
			}
		},
		{
			"name": "executor_braid_19",
			"from": [11, 10, 7.8],
			"to": [11.25, 12.25, 8.2],
			"faces": {
				"north": {"uv": [11.25, 3.75, 11, 6], "texture": "#1"},
				"east": {"uv": [11, 3.75, 11.25, 6], "texture": "#1"},
				"south": {"uv": [11, 3.75, 11.25, 6], "texture": "#1"},
				"west": {"uv": [11, 3.75, 11.25, 6], "texture": "#1"},
				"up": {"uv": [11, 3.75, 11.25, 4], "texture": "#1"},
				"down": {"uv": [11, 5.75, 11.25, 6], "texture": "#1"}
			}
		},
		{
			"name": "executor_braid_20",
			"from": [10.75, 9.75, 7.8],
			"to": [11, 12, 8.2],
			"faces": {
				"north": {"uv": [11, 4, 10.75, 6.25], "texture": "#1"},
				"east": {"uv": [10.75, 4, 11, 6.25], "texture": "#1"},
				"south": {"uv": [10.75, 4, 11, 6.25], "texture": "#1"},
				"west": {"uv": [10.75, 4, 11, 6.25], "texture": "#1"},
				"up": {"uv": [10.75, 4, 11, 4.25], "texture": "#1"},
				"down": {"uv": [10.75, 6, 11, 6.25], "texture": "#1"}
			}
		},
		{
			"name": "executor_braid_21",
			"from": [10.5, 9.5, 7.8],
			"to": [10.75, 11.75, 8.2],
			"faces": {
				"north": {"uv": [10.75, 4.25, 10.5, 6.5], "texture": "#1"},
				"east": {"uv": [10.5, 4.25, 10.75, 6.5], "texture": "#1"},
				"south": {"uv": [10.5, 4.25, 10.75, 6.5], "texture": "#1"},
				"west": {"uv": [10.5, 4.25, 10.75, 6.5], "texture": "#1"},
				"up": {"uv": [10.5, 4.25, 10.75, 4.5], "texture": "#1"},
				"down": {"uv": [10.5, 6.25, 10.75, 6.5], "texture": "#1"}
			}
		},
		{
			"name": "executor_braid_22",
			"from": [10.25, 9.25, 7.8],
			"to": [10.5, 11.5, 8.2],
			"faces": {
				"north": {"uv": [10.5, 4.5, 10.25, 6.75], "texture": "#1"},
				"east": {"uv": [10.25, 4.5, 10.5, 6.75], "texture": "#1"},
				"south": {"uv": [10.25, 4.5, 10.5, 6.75], "texture": "#1"},
				"west": {"uv": [10.25, 4.5, 10.5, 6.75], "texture": "#1"},
				"up": {"uv": [10.25, 4.5, 10.5, 4.75], "texture": "#1"},
				"down": {"uv": [10.25, 6.5, 10.5, 6.75], "texture": "#1"}
			}
		},
		{
			"name": "executor_braid_23",
			"from": [10, 9, 7.8],
			"to": [10.25, 11.25, 8.2],
			"faces": {
				"north": {"uv": [10.25, 4.75, 10, 7], "texture": "#1"},
				"east": {"uv": [10, 4.75, 10.25, 7], "texture": "#1"},
				"south": {"uv": [10, 4.75, 10.25, 7], "texture": "#1"},
				"west": {"uv": [10, 4.75, 10.25, 7], "texture": "#1"},
				"up": {"uv": [10, 4.75, 10.25, 5], "texture": "#1"},
				"down": {"uv": [10, 6.75, 10.25, 7], "texture": "#1"}
			}
		},
		{
			"name": "executor_braid_24",
			"from": [9.75, 8.75, 7.8],
			"to": [10, 11, 8.2],
			"faces": {
				"north": {"uv": [10, 5, 9.75, 7.25], "texture": "#1"},
				"east": {"uv": [9.75, 5, 10, 7.25], "texture": "#1"},
				"south": {"uv": [9.75, 5, 10, 7.25], "texture": "#1"},
				"west": {"uv": [9.75, 5, 10, 7.25], "texture": "#1"},
				"up": {"uv": [9.75, 5, 10, 5.25], "texture": "#1"},
				"down": {"uv": [9.75, 7, 10, 7.25], "texture": "#1"}
			}
		},
		{
			"name": "executor_braid_25",
			"from": [9.5, 8.5, 7.8],
			"to": [9.75, 10.75, 8.2],
			"faces": {
				"north": {"uv": [9.75, 5.25, 9.5, 7.5], "texture": "#1"},
				"east": {"uv": [9.5, 5.25, 9.75, 7.5], "texture": "#1"},
				"south": {"uv": [9.5, 5.25, 9.75, 7.5], "texture": "#1"},
				"west": {"uv": [9.5, 5.25, 9.75, 7.5], "texture": "#1"},
				"up": {"uv": [9.5, 5.25, 9.75, 5.5], "texture": "#1"},
				"down": {"uv": [9.5, 7.25, 9.75, 7.5], "texture": "#1"}
			}
		},
		{
			"name": "executor_braid_26",
			"from": [9.25, 8.25, 7.8],
			"to": [9.5, 10.5, 8.2],
			"faces": {
				"north": {"uv": [9.5, 5.5, 9.25, 7.75], "texture": "#1"},
				"east": {"uv": [9.25, 5.5, 9.5, 7.75], "texture": "#1"},
				"south": {"uv": [9.25, 5.5, 9.5, 7.75], "texture": "#1"},
				"west": {"uv": [9.25, 5.5, 9.5, 7.75], "texture": "#1"},
				"up": {"uv": [9.25, 5.5, 9.5, 5.75], "texture": "#1"},
				"down": {"uv": [9.25, 7.5, 9.5, 7.75], "texture": "#1"}
			}
		},
		{
			"name": "executor_braid_27",
			"from": [9, 8, 7.8],
			"to": [9.25, 10.25, 8.2],
			"faces": {
				"north": {"uv": [9.25, 5.75, 9, 8], "texture": "#1"},
				"east": {"uv": [9, 5.75, 9.25, 8], "texture": "#1"},
				"south": {"uv": [9, 5.75, 9.25, 8], "texture": "#1"},
				"west": {"uv": [9, 5.75, 9.25, 8], "texture": "#1"},
				"up": {"uv": [9, 5.75, 9.25, 6], "texture": "#1"},
				"down": {"uv": [9, 7.75, 9.25, 8], "texture": "#1"}
			}
		},
		{
			"name": "executor_braid_28",
			"from": [8.75, 7.75, 7.8],
			"to": [9, 10, 8.2],
			"faces": {
				"north": {"uv": [9, 6, 8.75, 8.25], "texture": "#1"},
				"east": {"uv": [8.75, 6, 9, 8.25], "texture": "#1"},
				"south": {"uv": [8.75, 6, 9, 8.25], "texture": "#1"},
				"west": {"uv": [8.75, 6, 9, 8.25], "texture": "#1"},
				"up": {"uv": [8.75, 6, 9, 6.25], "texture": "#1"},
				"down": {"uv": [8.75, 8, 9, 8.25], "texture": "#1"}
			}
		},
		{
			"name": "executor_braid_29",
			"from": [8.5, 7.5, 7.8],
			"to": [8.75, 9.75, 8.2],
			"faces": {
				"north": {"uv": [8.75, 6.25, 8.5, 8.5], "texture": "#1"},
				"east": {"uv": [8.5, 6.25, 8.75, 8.5], "texture": "#1"},
				"south": {"uv": [8.5, 6.25, 8.75, 8.5], "texture": "#1"},
				"west": {"uv": [8.5, 6.25, 8.75, 8.5], "texture": "#1"},
				"up": {"uv": [8.5, 6.25, 8.75, 6.5], "texture": "#1"},
				"down": {"uv": [8.5, 8.25, 8.75, 8.5], "texture": "#1"}
			}
		},
		{
			"name": "executor_braid_30",
			"from": [8.25, 7.25, 7.8],
			"to": [8.5, 9.5, 8.2],
			"faces": {
				"north": {"uv": [8.5, 6.5, 8.25, 8.75], "texture": "#1"},
				"east": {"uv": [8.25, 6.5, 8.5, 8.75], "texture": "#1"},
				"south": {"uv": [8.25, 6.5, 8.5, 8.75], "texture": "#1"},
				"west": {"uv": [8.25, 6.5, 8.5, 8.75], "texture": "#1"},
				"up": {"uv": [8.25, 6.5, 8.5, 6.75], "texture": "#1"},
				"down": {"uv": [8.25, 8.5, 8.5, 8.75], "texture": "#1"}
			}
		},
		{
			"name": "executor_braid_31",
			"from": [8, 7, 7.8],
			"to": [8.25, 9.25, 8.2],
			"faces": {
				"north": {"uv": [8.25, 6.75, 8, 9], "texture": "#1"},
				"east": {"uv": [8, 6.75, 8.25, 9], "texture": "#1"},
				"south": {"uv": [8, 6.75, 8.25, 9], "texture": "#1"},
				"west": {"uv": [8, 6.75, 8.25, 9], "texture": "#1"},
				"up": {"uv": [8, 6.75, 8.25, 7], "texture": "#1"},
				"down": {"uv": [8, 8.75, 8.25, 9], "texture": "#1"}
			}
		},
		{
			"name": "executor_braid_32",
			"from": [7.75, 6.75, 7.8],
			"to": [8, 9, 8.2],
			"faces": {
				"north": {"uv": [8, 7, 7.75, 9.25], "texture": "#1"},
				"east": {"uv": [7.75, 7, 8, 9.25], "texture": "#1"},
				"south": {"uv": [7.75, 7, 8, 9.25], "texture": "#1"},
				"west": {"uv": [7.75, 7, 8, 9.25], "texture": "#1"},
				"up": {"uv": [7.75, 7, 8, 7.25], "texture": "#1"},
				"down": {"uv": [7.75, 9, 8, 9.25], "texture": "#1"}
			}
		},
		{
			"name": "executor_braid_33",
			"from": [7.5, 6.5, 7.8],
			"to": [7.75, 8.75, 8.2],
			"faces": {
				"north": {"uv": [7.75, 7.25, 7.5, 9.5], "texture": "#1"},
				"east": {"uv": [7.5, 7.25, 7.75, 9.5], "texture": "#1"},
				"south": {"uv": [7.5, 7.25, 7.75, 9.5], "texture": "#1"},
				"west": {"uv": [7.5, 7.25, 7.75, 9.5], "texture": "#1"},
				"up": {"uv": [7.5, 7.25, 7.75, 7.5], "texture": "#1"},
				"down": {"uv": [7.5, 9.25, 7.75, 9.5], "texture": "#1"}
			}
		},
		{
			"name": "executor_braid_34",
			"from": [7.25, 6.25, 7.8],
			"to": [7.5, 8.5, 8.2],
			"faces": {
				"north": {"uv": [7.5, 7.5, 7.25, 9.75], "texture": "#1"},
				"east": {"uv": [7.25, 7.5, 7.5, 9.75], "texture": "#1"},
				"south": {"uv": [7.25, 7.5, 7.5, 9.75], "texture": "#1"},
				"west": {"uv": [7.25, 7.5, 7.5, 9.75], "texture": "#1"},
				"up": {"uv": [7.25, 7.5, 7.5, 7.75], "texture": "#1"},
				"down": {"uv": [7.25, 9.5, 7.5, 9.75], "texture": "#1"}
			}
		},
		{
			"name": "executor_braid_35",
			"from": [7, 6, 7.8],
			"to": [7.25, 8.25, 8.2],
			"faces": {
				"north": {"uv": [7.25, 7.75, 7, 10], "texture": "#1"},
				"east": {"uv": [7, 7.75, 7.25, 10], "texture": "#1"},
				"south": {"uv": [7, 7.75, 7.25, 10], "texture": "#1"},
				"west": {"uv": [7, 7.75, 7.25, 10], "texture": "#1"},
				"up": {"uv": [7, 7.75, 7.25, 8], "texture": "#1"},
				"down": {"uv": [7, 9.75, 7.25, 10], "texture": "#1"}
			}
		},
		{
			"name": "executor_braid_36",
			"from": [6.75, 5.75, 7.8],
			"to": [7, 8, 8.2],
			"faces": {
				"north": {"uv": [7, 8, 6.75, 10.25], "texture": "#1"},
				"east": {"uv": [6.75, 8, 7, 10.25], "texture": "#1"},
				"south": {"uv": [6.75, 8, 7, 10.25], "texture": "#1"},
				"west": {"uv": [6.75, 8, 7, 10.25], "texture": "#1"},
				"up": {"uv": [6.75, 8, 7, 8.25], "texture": "#1"},
				"down": {"uv": [6.75, 10, 7, 10.25], "texture": "#1"}
			}
		},
		{
			"name": "executor_braid_37",
			"from": [6.5, 5.5, 7.8],
			"to": [6.75, 7.75, 8.2],
			"faces": {
				"north": {"uv": [6.75, 8.25, 6.5, 10.5], "texture": "#1"},
				"east": {"uv": [6.5, 8.25, 6.75, 10.5], "texture": "#1"},
				"south": {"uv": [6.5, 8.25, 6.75, 10.5], "texture": "#1"},
				"west": {"uv": [6.5, 8.25, 6.75, 10.5], "texture": "#1"},
				"up": {"uv": [6.5, 8.25, 6.75, 8.5], "texture": "#1"},
				"down": {"uv": [6.5, 10.25, 6.75, 10.5], "texture": "#1"}
			}
		},
		{
			"name": "executor_braid_38",
			"from": [6.25, 5, 7.8],
			"to": [6.5, 7.5, 8.2],
			"faces": {
				"north": {"uv": [6.5, 8.5, 6.25, 11], "texture": "#1"},
				"east": {"uv": [6.25, 8.5, 6.5, 11], "texture": "#1"},
				"south": {"uv": [6.25, 8.5, 6.5, 11], "texture": "#1"},
				"west": {"uv": [6.25, 8.5, 6.5, 11], "texture": "#1"},
				"up": {"uv": [6.25, 8.5, 6.5, 8.75], "texture": "#1"},
				"down": {"uv": [6.25, 10.75, 6.5, 11], "texture": "#1"}
			}
		},
		{
			"name": "executor_braid_39",
			"from": [6, 4.5, 7.8],
			"to": [6.25, 7.25, 8.2],
			"faces": {
				"north": {"uv": [6.25, 8.75, 6, 11.5], "texture": "#1"},
				"east": {"uv": [6, 8.75, 6.25, 11.5], "texture": "#1"},
				"south": {"uv": [6, 8.75, 6.25, 11.5], "texture": "#1"},
				"west": {"uv": [6, 8.75, 6.25, 11.5], "texture": "#1"},
				"up": {"uv": [6, 8.75, 6.25, 9], "texture": "#1"},
				"down": {"uv": [6, 11.25, 6.25, 11.5], "texture": "#1"}
			}
		},
		{
			"name": "executor_braid_40",
			"from": [5.75, 3.75, 7.8],
			"to": [6, 7, 8.2],
			"faces": {
				"north": {"uv": [6, 9, 5.75, 12.25], "texture": "#1"},
				"east": {"uv": [5.75, 9, 6, 12.25], "texture": "#1"},
				"south": {"uv": [5.75, 9, 6, 12.25], "texture": "#1"},
				"west": {"uv": [5.75, 9, 6, 12.25], "texture": "#1"},
				"up": {"uv": [5.75, 9, 6, 9.25], "texture": "#1"},
				"down": {"uv": [5.75, 12, 6, 12.25], "texture": "#1"}
			}
		},
		{
			"name": "executor_braid_41",
			"from": [5.5, 3.5, 7.8],
			"to": [5.75, 6.75, 8.2],
			"faces": {
				"north": {"uv": [5.75, 9.25, 5.5, 12.5], "texture": "#1"},
				"east": {"uv": [5.5, 9.25, 5.75, 12.5], "texture": "#1"},
				"south": {"uv": [5.5, 9.25, 5.75, 12.5], "texture": "#1"},
				"west": {"uv": [5.5, 9.25, 5.75, 12.5], "texture": "#1"},
				"up": {"uv": [5.5, 9.25, 5.75, 9.5], "texture": "#1"},
				"down": {"uv": [5.5, 12.25, 5.75, 12.5], "texture": "#1"}
			}
		},
		{
			"name": "executor_braid_42",
			"from": [5, 4.25, 7.8],
			"to": [5.5, 6.5, 8.2],
			"faces": {
				"north": {"uv": [5.5, 9.5, 5, 11.75], "texture": "#1"},
				"east": {"uv": [5.25, 9.5, 5.5, 11.75], "texture": "#1"},
				"south": {"uv": [5, 9.5, 5.5, 11.75], "texture": "#1"},
				"west": {"uv": [5, 9.5, 5.25, 11.75], "texture": "#1"},
				"up": {"uv": [5, 9.5, 5.5, 9.75], "texture": "#1"},
				"down": {"uv": [5, 11.5, 5.5, 11.75], "texture": "#1"}
			}
		},
		{
			"name": "executor_braid_43",
			"from": [4.5, 4.75, 7.8],
			"to": [5, 6.25, 8.2],
			"faces": {
				"north": {"uv": [5, 9.75, 4.5, 11.25], "texture": "#1"},
				"east": {"uv": [4.75, 9.75, 5, 11.25], "texture": "#1"},
				"south": {"uv": [4.5, 9.75, 5, 11.25], "texture": "#1"},
				"west": {"uv": [4.5, 9.75, 4.75, 11.25], "texture": "#1"},
				"up": {"uv": [4.5, 9.75, 5, 10], "texture": "#1"},
				"down": {"uv": [4.5, 11, 5, 11.25], "texture": "#1"}
			}
		},
		{
			"name": "executor_braid_44",
			"from": [3.75, 5.25, 7.8],
			"to": [4.5, 6, 8.2],
			"faces": {
				"north": {"uv": [4.5, 10, 3.75, 10.75], "texture": "#1"},
				"east": {"uv": [4.25, 10, 4.5, 10.75], "texture": "#1"},
				"south": {"uv": [3.75, 10, 4.5, 10.75], "texture": "#1"},
				"west": {"uv": [3.75, 10, 4, 10.75], "texture": "#1"},
				"up": {"uv": [3.75, 10, 4.5, 10.25], "texture": "#1"},
				"down": {"uv": [3.75, 10.5, 4.5, 10.75], "texture": "#1"}
			}
		},
		{
			"name": "executor_braid_45",
			"from": [3.5, 5.5, 7.8],
			"to": [3.75, 5.75, 8.2],
			"faces": {
				"north": {"uv": [3.75, 10.25, 3.5, 10.5], "texture": "#1"},
				"east": {"uv": [3.5, 10.25, 3.75, 10.5], "texture": "#1"},
				"south": {"uv": [3.5, 10.25, 3.75, 10.5], "texture": "#1"},
				"west": {"uv": [3.5, 10.25, 3.75, 10.5], "texture": "#1"},
				"up": {"uv": [3.5, 10.25, 3.75, 10.5], "texture": "#1"},
				"down": {"uv": [3.5, 10.25, 3.75, 10.5], "texture": "#1"}
			}
		},
		{
			"name": "executor_braid_46",
			"from": [4.25, 5, 7.8],
			"to": [4.5, 5.25, 8.2],
			"faces": {
				"north": {"uv": [4.5, 10.75, 4.25, 11], "texture": "#1"},
				"east": {"uv": [4.25, 10.75, 4.5, 11], "texture": "#1"},
				"south": {"uv": [4.25, 10.75, 4.5, 11], "texture": "#1"},
				"west": {"uv": [4.25, 10.75, 4.5, 11], "texture": "#1"},
				"up": {"uv": [4.25, 10.75, 4.5, 11], "texture": "#1"},
				"down": {"uv": [4.25, 10.75, 4.5, 11], "texture": "#1"}
			}
		},
		{
			"name": "executor_braid_47",
			"from": [4.75, 4.5, 7.8],
			"to": [5, 4.75, 8.2],
			"faces": {
				"north": {"uv": [5, 11.25, 4.75, 11.5], "texture": "#1"},
				"east": {"uv": [4.75, 11.25, 5, 11.5], "texture": "#1"},
				"south": {"uv": [4.75, 11.25, 5, 11.5], "texture": "#1"},
				"west": {"uv": [4.75, 11.25, 5, 11.5], "texture": "#1"},
				"up": {"uv": [4.75, 11.25, 5, 11.5], "texture": "#1"},
				"down": {"uv": [4.75, 11.25, 5, 11.5], "texture": "#1"}
			}
		},
		{
			"name": "executor_braid_48",
			"from": [5.25, 3.75, 7.8],
			"to": [5.5, 4.25, 8.2],
			"faces": {
				"north": {"uv": [5.5, 11.75, 5.25, 12.25], "texture": "#1"},
				"east": {"uv": [5.25, 11.75, 5.5, 12.25], "texture": "#1"},
				"south": {"uv": [5.25, 11.75, 5.5, 12.25], "texture": "#1"},
				"west": {"uv": [5.25, 11.75, 5.5, 12.25], "texture": "#1"},
				"up": {"uv": [5.25, 11.75, 5.5, 12], "texture": "#1"},
				"down": {"uv": [5.25, 12, 5.5, 12.25], "texture": "#1"}
			}
		}
	],
	"display": {
		"thirdperson_righthand": {
			"rotation": [0, 90, 35],
			"translation": [0, 5.5, 0]
		},
		"thirdperson_lefthand": {
			"rotation": [0, -90, -35],
			"translation": [0, 5.5, 0]
		},
		"firstperson_righthand": {
			"rotation": [0, -90, 25],
			"translation": [1.13, 3.2, 1.13],
			"scale": [0.68, 0.68, 0.68]
		},
		"firstperson_lefthand": {
			"rotation": [0, 90, -25],
			"translation": [1.13, 3.2, 1.13],
			"scale": [0.68, 0.68, 0.68]
		},
		"ground": {
			"translation": [0, 2, 0],
			"scale": [0.5, 0.5, 0.5]
		},
		"head": {
			"rotation": [0, 180, 0],
			"translation": [0, 13, 7]
		},
		"fixed": {
			"rotation": [0, 180, 0]
		}
	},
	"groups": [
		{
			"name": "executor_grip",
			"origin": [8, 8, 8],
			"color": 0,
			"children": [0, 1, 2, 3, 4, 5, 6, 7, 8, 9, 10]
		},
		{
			"name": "executor_braid",
			"origin": [8, 8, 8],
			"color": 0,
			"children": [
				11,
				12,
				13,
				14,
				15,
				16,
				17,
				18,
				19,
				20,
				21,
				22,
				23,
				24,
				25,
				26,
				27,
				28,
				29,
				30,
				31,
				32,
				33,
				34,
				35,
				36,
				37,
				38,
				39,
				40,
				41,
				42,
				43,
				44,
				45,
				46,
				47,
				48,
				49,
				50,
				51,
				52,
				53,
				54,
				55,
				56,
				57,
				58,
				59
			]
		}
	]
}